Participant,Exercise,Set,Target Reps,Total Attempts,Correct Reps,Incorrect Reps,Participant,Exercise,Set,Total Reps,Correct Reps,Incorrect Reps,Notes,
P1,Hammer Curl,1,10,12,10,2,P1,Hammer Curl,1,10,10,0,Bent down to pick the dumbells and the system counted the movement as a failed rep,
P1,Lateral Raise,1,10,15,10,5,P1,Lateral Raise,1,11,10,1,Was changing the dumbel and the system counted them as failed rep,
P1,Tricep Pushdown,1,10,11,10,1,P1,Tricep Pushdown,1,9,9,0,,
P1,Chest Fly Machine,1,10,12,10,2,P1,Chest Fly Machine,1,10,10,0,Counted two good ones as bad,
P2,Hammer Curl,1,8,8,8,0,P2,Hammer Curl,1,9,9,0,,
P2,Lateral Raise,1,8,9,8,1,P2,Lateral Raises,1,9,9,0,,
P2,Leg Extension,1,8,11,8,3,P2,Leg Extension,1,18,18,0,,
P3,Squat,1,10,10,10,0,P3,Squat,1,10,10,0,,
P3,Squat,2,10,11,10,1,P3,Squat,2,11,11,0,,
P3,Squat,3,10,11,10,1,P3,Squat,3,10,10,0,,
P3,Lateral Raise,1,10,10,10,0,P3,Lateral Raises,1,10,10,0,,
P3,Lateral Raise,2,10,10,10,0,P3,Lateral Raises,2,10,10,0,,
P3,Lateral Raise,3,10,10,10,0,P3,Lateral Raises,3,10,10,0,,
P3,Tricep Pushdown,1,10,14,10,4,P3,Tricep Pushdown,1,10,10,0,,
P3,Tricep Pushdown,2,10,11,10,1,P3,Tricep Pushdown,2,11,11,0,,
P3,Tricep Pushdown,3,10,10,10,0,P3,Tricep Pushdown,3,8,8,0,,
P3,Hammer Curl,1,10,12,10,2,P3,Hammer Curl,1,9,9,0,,
P3,Hammer Curl,2,10,10,10,0,P3,Hammer Curl,2,10,10,0,,
P4,Push-up,1,12,22,2,20,P4,Push-up,1,8,0,8,,
P4,Push-up,2,12,7,0,7,P4,Push-up,2,5,0,5,,
P4,Squat,1,15,17,12,5,P4,Squats,1,23,15,8,,
P4,Squat,2,15,15,15,0,P4,Squats,2,15,15,0,,
P4,Squat,3,15,15,15,0,P4,Hammer Curl,1,12,12,0,,
P4,Hammer Curl,1,12,12,12,0,P4,Hammer Curl,2,11,11,0,,
P4,Hammer Curl,2,12,12,12,0,P4,Hammer Curl,3,12,12,0,,
P4,Hammer Curl,3,12,12,12,0,P4,Lateral Raises,1,10,10,0,,
P4,Lateral Raise,1,10,16,10,6,P4,Lateral Raises,2,9,9,0,,
P4,Lateral Raise,2,10,10,10,0,P4,Leg Raises,1,15,0,15,,
P4,Lateral Raise,3,10,15,0,15,P4,Leg Raises,2,12,12,0,,
P4,Leg Raises,2,8,11,8,3,P4,Leg Raises,3,13,13,0,,
P4,Leg Raises,3,8,13,8,5,P4,Russian Twist,1,29,29,0,,
P4,Russian Twist,1,10,12,10,2,P4,Russian Twist,2,44,44,0,,
P4,Russian Twist,2,10,10,10,0,P4,Russian Twist,3,45,45,0,,
P4,Russian Twist,3,10,10,10,0,P4,Tricep Pushdown,1,14,8,6,,
P4,Tricep Pushdown,1,8,19,8,11,P4,Tricep Pushdown,2,10,6,4,,
P4,Tricep Pushdown,2,8,24,8,16,P4,Tricep Pushdown,3,12,12,0,,
P4,Tricep Pushdown,3,8,19,8,11,P4,Chest Fly Machine,1,15,12,3,,
P4,Chest Fly Machine,1,8,13,8,5,P4,Chest Fly Machine,2,14,12,2,,
P4,Chest Fly Machine,2,8,10,8,2,P4,T-Bar Row,1,5,5,0,,
P4,Chest Fly Machine,3,8,11,8,3,P4,T-Bar Row,2,9,9,0,,
P4,T-Bar Row,1,8,25,8,17,P4,T-Bar Row,3,10,10,0,,
P4,T-Bar Row,2,8,11,8,3,P4,Leg Extension,1,12,12,0,,
P4,T-Bar Row,3,8,12,8,4,P4,Leg Extension,2,10,10,0,,
P4,Leg Extension,1,8,9,8,1,P4,Leg Extension,3,10,10,0,,
P4,Leg Extension,2,8,9,8,1,,,,,,,,
P4,Leg Extension,3,8,8,8,0,,,,,,,,
P7,Squat,1,10,13,10,3,P7,P8,P9,P10,P11,0,,
P7,Squat,2,10,10,10,0,P7,Squat,2,10,10,0,,
P7,Squat,3,10,12,10,2,P7,Squat,3,10,10,0,,
P7,Russian Twist,2,25,25,25,0,P7,Russian Twist,1,38,38,0,,
P7,Russian Twist,3,25,25,25,0,P7,Russian Twist,2,42,42,0,,
P7,Leg Extension,1,12,19,12,7,P7,Leg Extension,1,12,12,0,,
P7,Leg Extension,2,12,14,12,2,P7,Leg Extension,2,12,12,0,,
P7,Leg Extension,3,12,14,12,2,P7,Leg Extension,3,13,12,1,,
P8,Push-up,1,9,17,9,8,P8,Push-up,1,11,11,0,,
P8,Push-up,2,9,11,9,2,P8,Push-up,2,10,10,0,,
P8,Squat,1,15,15,15,0,P8,Squat,1,15,15,0,,
P8,Squat,2,15,15,15,0,P8,Squat,2,15,15,0,,
P8,Squat,3,15,15,15,0,P8,Squat,3,15,15,0,,
P8,Hammer Curl,1,10,10,10,0,P8,Hammer Curl,1,10,10,0,,
P8,Lateral Raise,1,10,11,10,1,P8,Lateral Raises,1,10,10,0,,
P8,Tricep Pushdown,1,12,12,12,0,P8,Tricep Pushdown,1,12,12,0,,
P8,Tricep Pushdown,2,12,13,12,1,P8,Tricep Pushdown,2,11,11,0,,
P8,Tricep Pushdown,3,12,12,12,0,P8,Tricep Pushdown,3,11,11,0,,
P9,Push-up,1,10,55,4,51,P9,Push-up,1,22,0,22,,
P9,Squat,1,11,12,11,1,P9,Squat,1,11,11,0,,
P9,Chest Fly Machine,1,12,15,12,3,P9,Chest Fly Machine,1,14,14,0,,
P9,Chest Fly Machine,2,12,19,12,7,P9,Chest Fly Machine,2,9,9,0,,
P9,Chest Fly Machine,3,12,15,12,3,P9,Chest Fly Machine,3,15,15,0,,
P10,Push-up,1,12,17,3,14,P10,Push-up,1,17,0,17,,
P10,Push-up,2,12,17,3,14,P10,Push-up,2,12,0,12,,
P10,Hammer Curl,1,8,8,8,0,P10,Hammer Curl,1,8,8,0,,
P10,Hammer Curl,2,8,8,8,0,P10,Hammer Curl,2,8,8,0,,
P10,Squat,1,10,10,10,0,P10,Squat,1,10,10,0,,
P10,Squat,2,10,10,10,0,P10,Squat,2,10,10,0,,
P10,Russian Twist,1,5,5,5,0,P10,Russian Twists,1,18,18,0,,
P10,Russian Twist,2,5,7,5,2,P10,Tricep Pushdown,1,9,9,0,,
P10,Tricep Pushdown,1,12,15,12,3,P10,Tricep Pushdown,2,10,10,0,,
P10,Tricep Pushdown,2,12,14,12,2,,,,,,,,
P11,Hammer Curl,1,15,16,15,1,P11,Hammer Curl,1,15,15,0,,
P11,Hammer Curl,2,15,21,15,6,P11,Hammer Curl,2,15,15,0,,
P11,Hammer Curl,3,15,24,15,9,P11,Hammer Curl,3,15,15,0,,
P12,Tricep Pushdown,1,12,18,12,6,P12,Tricep Pushdown,1,8,8,0,,
P12,Tricep Pushdown,3,12,13,12,1,P12,Tricep Pushdown,2,10,10,0,,
P12,Tricep Pushdown,1,12,10,4,6,,,,,,,,
P13,Push-up,1,12,12,12,0,P13,Push-up,1,11,11,0,,
P13,Push-up,2,15,16,15,1,P13,Push-up,2,15,15,0,,
P13,Push-up,3,10,12,10,2,P13,Push-up,3,10,10,0,,
P13,T-Bar Row,1,12,30,3,27,P13,Chest Fly Machine,1,8,8,0,,
P13,Chest Fly Machine,1,8,11,8,3,P13,Chest Fly Machine,2,8,8,0,,
P13,Chest Fly Machine,2,8,11,8,3,P13,T-Bar Row,1,0,0,14,,
P14,Hammer Curl,1,8,10,8,2,P14,Hammer Curl,1,9,9,0,,
P14,Hammer Curl,2,8,10,8,2,P14,Hammer Curl,2,8,8,0,,
P14,Hammer Curl,3,8,8,8,0,P14,Hammer Curl,3,8,8,0,,
P14,Lateral Raise,1,8,9,8,1,P14,Lateral Raises,1,7,7,0,,
P14,Lateral Raise,2,8,8,8,0,P14,Lateral Raise,2,7,7,0,,
P14,Lateral Raise,3,8,8,8,0,P14,Lateral Raise,3,8,8,0,,
P14,Leg Raises,1,8,16,8,8,P14,Leg Raises,1,9,9,0,,
P14,Tricep Pushdown,1,8,14,8,6,P14,Tricep Pushdown,1,7,7,0,,
P14,Chest Fly Machine,1,8,8,8,0,P14,Chest Fly Machine,1,8,6,2,,
P14,Chest Fly Machine,2,8,10,8,2,P14,Leg Extension,1,10,10,0,,
P14,Leg Extension,1,8,9,8,1,,,,,,,,
P15,Squat,1,10,10,10,0,P15,Squat,1,10,10,0,,
P15,Squat,2,10,10,10,0,P15,Squat,2,10,10,0,,
P15,Leg Extension,1,10,12,10,2,P15,Leg Extension,1,10,10,0,,
P15,Leg Extension,2,10,10,10,0,P15,Leg Extension,2,10,10,0,,
P16,Push-up,1,8,20,8,12,P16,Push-up,1,13,13,0,,
P16,Push-up,2,8,27,8,19,P16,Push-up,2,12,12,0,,
P16,Push-up,3,8,9,8,1,P16,Push-up,3,8,8,0,,
P16,Squat,1,10,19,10,9,P16,Squat,1,14,14,0,,
P16,Squat,2,10,12,10,2,P16,Squat,2,12,12,0,,
P16,Squat,3,10,12,10,2,P16,Squat,3,13,13,0,,
P16,Hammer Curl,1,10,11,10,1,P16,Hammer Curl,1,10,10,0,,
P16,Hammer Curl,2,10,11,10,1,P16,Hammer Curl,2,10,10,0,,
P16,Hammer Curl,3,10,13,10,3,P16,Hammer Curl,3,10,10,0,,
P16,Russian Twist,1,20,22,20,2,P16,Russian Twist,1,34,34,0,,
P19,Hammer Curl,1,12,12,12,0,P19,Hammer Curl,1,12,12,0,,
P19,Hammer Curl,2,12,12,12,0,P19,Hammer Curl,2,12,12,0,,
P19,Hammer Curl,3,12,13,12,1,P19,Hammer Curl,3,13,13,0,,
P19,Squat,1,5,5,5,0,P19,Squat,1,5,3,2,,
P19,Squat,2,5,5,,0,P19,Squat,2,5,5,0,,
P19,Squat,3,5,5,5,0,P19,Squat,3,5,5,0,,
P20,Hammer Curl,1,8,8,8,0,P20,Hammer Curl,1,17,17,0,,
P20,Hammer Curl,2,8,8,8,0,P20,Hammer Curl,2,8,8,0,,
P20,Hammer Curl,3,8,9,8,1,P20,Hammer Curl,3,10,10,0,,
P20,Push-up,1,5,6,5,1,P20,Push-up,1,6,6,0,,
P20,Push-up,2,5,6,5,1,P20,Push-up,2,6,6,0,,
P20,Squat,1,10,10,10,0,P20,Squat,1,10,10,0,,
P20,Squat,2,10,10,10,0,P20,Squat,2,10,10,0,,
P20,Squat,3,10,10,10,0,P20,Squat,3,11,11,0,,
P20,Lateral Raise,1,8,9,8,1,P20,Lateral Raise,1,8,8,0,,
P20,Lateral Raise,2,8,8,8,0,P20,Lateral Raise,2,7,7,0,,
P21,Hammer Curl,1,10,12,10,2,P21,Hummer Curl,1,10,10,0,,
P21,Hammer Curl,2,10,11,10,1,P21,Hummer Curl,2,10,10,0,,
P21,Squat,1,10,1,0,1,P21,Squats,1,10,10,0,,
P21,Squat,2,10,4,1,3,P21,Squats,2,11,11,0,,
P21,Lateral Raise,1,10,10,10,0,P21,Lateral Raises,1,11,11,0,,
P21,Lateral Raise,2,10,10,10,0,P21,Lateral Raises,2,11,11,0,,
P21,Leg Raises,1,5,7,5,2,P21,Leg Raises,1,5,5,0,,
P21,Leg Raises,2,5,7,5,2,P21,Leg Raises,2,5,5,0,,
P21,Chest Fly Machine,1,10,17,8,9,P21,Chest Fly Machine,1,10,10,0,,
P21,Chest Fly Machine,2,8,10,8,2,P21,Chest Fly Machine,2,9,9,0,,
